entrada,configuracao,threads_solicitadas,threads_criadas,repeticao,tempo_segundos,validacao
pequena.txt,sequencial,1,1,1,0.002733,N/A
pequena.txt,2,2,2,1,0.003714,OK
pequena.txt,4,4,4,1,0.003551,OK
pequena.txt,8,8,8,1,0.003765,OK
pequena.txt,max,max,14,1,0.004040,OK
pequena.txt,sequencial,1,1,2,0.004325,N/A
pequena.txt,2,2,2,2,0.003978,OK
pequena.txt,4,4,4,2,0.003744,OK
pequena.txt,8,8,8,2,0.003370,OK
pequena.txt,max,max,14,2,0.004254,OK
pequena.txt,sequencial,1,1,3,0.002975,N/A
pequena.txt,2,2,2,3,0.003290,OK
pequena.txt,4,4,4,3,0.002928,OK
pequena.txt,8,8,8,3,0.003839,OK
pequena.txt,max,max,14,3,0.003527,OK
media.txt,sequencial,1,1,1,0.025197,N/A
media.txt,2,2,2,1,0.024851,OK
media.txt,4,4,4,1,0.016664,OK
media.txt,8,8,8,1,0.019623,OK
media.txt,max,max,14,1,0.020996,OK
media.txt,sequencial,1,1,2,0.027783,N/A
media.txt,2,2,2,2,0.021553,OK
media.txt,4,4,4,2,0.018041,OK
media.txt,8,8,8,2,0.019234,OK
media.txt,max,max,14,2,0.022527,OK
media.txt,sequencial,1,1,3,0.028938,N/A
media.txt,2,2,2,3,0.021964,OK
media.txt,4,4,4,3,0.021503,OK
media.txt,8,8,8,3,0.017984,OK
media.txt,max,max,14,3,0.021612,OK
grande.txt,sequencial,1,1,1,0.109253,N/A
grande.txt,2,2,2,1,0.076047,OK
grande.txt,4,4,4,1,0.077451,OK
grande.txt,8,8,8,1,0.065562,OK
grande.txt,max,max,14,1,0.075296,OK
grande.txt,sequencial,1,1,2,0.120379,N/A
grande.txt,2,2,2,2,0.087677,OK
grande.txt,4,4,4,2,0.081907,OK
grande.txt,8,8,8,2,0.083757,OK
grande.txt,max,max,14,2,0.084609,OK
grande.txt,sequencial,1,1,3,0.129824,N/A
grande.txt,2,2,2,3,0.123548,OK
grande.txt,4,4,4,3,0.083000,OK
grande.txt,8,8,8,3,0.127566,OK
grande.txt,max,max,14,3,0.084544,OK
